account_info_id,account_id,first_name, middle_name, last_name, birth_date, phone_number,create_time,change_time,finish_time,photo,email,entrance_year,academic_group_id,faculty_id
100,100,lola, middleName,bailey,1996-01-01,041-987-2738,2015-01-01 00:00:00,2015-01-01 00:00:00,null,null,lola.bailey@example.com,2011,101,101
101,101,alison, middleName,reynolds,1996-01-01,071-993-9836,2015-01-01 00:00:00,2015-01-01 00:00:00,null,null,alison.reynolds@example.com,2012,102,101
102,102,micheal, middleName,walker,1996-01-01,021-973-1287,2015-01-01 00:00:00,2015-01-01 00:00:00,null,null,micheal.walker@example.com,2013,103,101
103,103,sara, middleName,wade,1996-01-01,061-157-4796,2015-01-01 00:00:00,2015-01-01 00:00:00,null,null,sara.wade@example.com,2014,104,101
104,104,gordon, middleName,fuller,1996-01-01,061-564-9359,2015-01-01 00:00:00,2015-01-01 00:00:00,null,null,gordon.fuller@example.com,2011,105,101
105,105,barry, middleName,wells,1996-01-01,041-923-2020,2015-01-01 00:00:00,2015-01-01 00:00:00,null,null,barry.wells@example.com,2012,106,101
106,106,pat, middleName,bailey,1996-01-01,061-259-5702,2015-01-01 00:00:00,2015-01-01 00:00:00,null,null,pat.bailey@example.com,2013,107,101
107,107,seth, middleName,brewer,1996-01-01,051-617-7548,2015-01-01 00:00:00,2015-01-01 00:00:00,null,null,seth.brewer@example.com,2014,108,101
108,108,debra, middleName,weaver,1996-01-01,021-003-5986,2015-01-01 00:00:00,2015-01-01 00:00:00,null,null,debra.weaver@example.com,2011,109,101
109,109,dylan, middleName,palmer,1996-01-01,061-612-0150,2015-01-01 00:00:00,2015-01-01 00:00:00,null,null,dylan.palmer@example.com,2012,110,101
110,110,julia, middleName,lane,1996-01-01,011-806-5561,2015-01-01 00:00:00,2015-01-01 00:00:00,null,null,julia.lane@example.com,2013,101,101
111,111,julie, middleName,fitzsimmons,1996-01-01,021-981-6273,2015-01-01 00:00:00,2015-01-01 00:00:00,null,null,julie.fitzsimmons@example.com,2014,102,101
112,112,emily, middleName,curtis,1996-01-01,061-520-0833,2015-01-01 00:00:00,2015-01-01 00:00:00,null,null,emily.curtis@example.com,2011,103,101
113,113,steve, middleName,obrien,1996-01-01,011-819-5487,2015-01-01 00:00:00,2015-01-01 00:00:00,null,null,steve.obrien@example.com,2012,104,101
114,114,brandon, middleName,otoole,1996-01-01,071-557-6024,2015-01-01 00:00:00,2015-01-01 00:00:00,null,null,brandon.otoole@example.com,2013,105,101
115,115,ralph, middleName,newman,1996-01-01,061-637-3063,2015-01-01 00:00:00,2015-01-01 00:00:00,null,null,ralph.newman@example.com,2014,106,101
116,116,kelly, middleName,peterson,1996-01-01,031-379-9231,2015-01-01 00:00:00,2015-01-01 00:00:00,null,null,kelly.peterson@example.com,2011,107,101
117,117,darrell, middleName,stone,1996-01-01,021-832-9584,2015-01-01 00:00:00,2015-01-01 00:00:00,null,null,darrell.stone@example.com,2012,108,101
118,118,martin, middleName,ward,1996-01-01,011-932-9812,2015-01-01 00:00:00,2015-01-01 00:00:00,null,null,martin.ward@example.com,2013,109,101
119,119,rose, middleName,farragher,1996-01-01,011-475-2103,2015-01-01 00:00:00,2015-01-01 00:00:00,null,null,rose.farragher@example.com,2014,110,101
120,120,jonathan, middleName,payne,1996-01-01,041-210-9121,2015-01-01 00:00:00,2015-01-01 00:00:00,null,null,jonathan.payne@example.com,2011,101,101
121,121,chloe, middleName,stevens,1996-01-01,061-478-7363,2015-01-01 00:00:00,2015-01-01 00:00:00,null,null,chloe.stevens@example.com,2012,102,101
122,122,lewis, middleName,mitchelle,1996-01-01,061-278-5278,2015-01-01 00:00:00,2015-01-01 00:00:00,null,null,lewis.mitchelle@example.com,2013,103,101
123,123,marie, middleName,chapman,1996-01-01,051-933-2030,2015-01-01 00:00:00,2015-01-01 00:00:00,null,null,marie.chapman@example.com,2014,104,101
124,124,roland, middleName,lee,1996-01-01,071-906-0939,2015-01-01 00:00:00,2015-01-01 00:00:00,null,null,roland.lee@example.com,2011,105,101
125,125,angela, middleName,hughes,1996-01-01,011-597-5150,2015-01-01 00:00:00,2015-01-01 00:00:00,null,null,angela.hughes@example.com,2012,106,101
126,126,stephanie, middleName,carter,1996-01-01,021-420-4074,2015-01-01 00:00:00,2015-01-01 00:00:00,null,null,stephanie.carter@example.com,2013,107,101
127,127,ellen, middleName,simmmons,1996-01-01,051-104-8566,2015-01-01 00:00:00,2015-01-01 00:00:00,null,null,ellen.simmmons@example.com,2014,108,101
128,128,jamie, middleName,rogers,1996-01-01,021-651-6381,2015-01-01 00:00:00,2015-01-01 00:00:00,null,null,jamie.rogers@example.com,2011,109,101
129,129,karen, middleName,young,1996-01-01,061-840-2323,2015-01-01 00:00:00,2015-01-01 00:00:00,null,null,karen.young@example.com,2012,110,101
130,130,isabelle, middleName,odonoghue,1996-01-01,021-267-8287,2015-01-01 00:00:00,2015-01-01 00:00:00,null,null,isabelle.odonoghue@example.com,2013,101,101
131,131,jen, middleName,black,1996-01-01,071-236-1564,2015-01-01 00:00:00,2015-01-01 00:00:00,null,null,jen.black@example.com,2014,102,101
132,132,melissa, middleName,long,1996-01-01,031-811-1873,2015-01-01 00:00:00,2015-01-01 00:00:00,null,null,melissa.long@example.com,2011,103,101
133,133,shawn, middleName,fuller,1996-01-01,011-698-0689,2015-01-01 00:00:00,2015-01-01 00:00:00,null,null,shawn.fuller@example.com,2012,104,101
134,134,kim, middleName,hart,1996-01-01,071-244-9411,2015-01-01 00:00:00,2015-01-01 00:00:00,null,null,kim.hart@example.com,2013,105,101
135,135,fernando, middleName,murray,1996-01-01,071-633-4167,2015-01-01 00:00:00,2015-01-01 00:00:00,null,null,fernando.murray@example.com,2014,106,101
136,136,roy, middleName,olson,1996-01-01,011-230-6245,2015-01-01 00:00:00,2015-01-01 00:00:00,null,null,roy.olson@example.com,2011,107,101
137,137,isaac, middleName,holt,1996-01-01,071-693-0333,2015-01-01 00:00:00,2015-01-01 00:00:00,null,null,isaac.holt@example.com,2012,108,101
138,138,jay, middleName,walker,1996-01-01,021-401-9533,2015-01-01 00:00:00,2015-01-01 00:00:00,null,null,jay.walker@example.com,2013,109,101
139,139,lee, middleName,oliver,1996-01-01,061-828-2960,2015-01-01 00:00:00,2015-01-01 00:00:00,null,null,lee.oliver@example.com,2014,110,101
140,140,willard, middleName,bell,1996-01-01,071-939-6169,2015-01-01 00:00:00,2015-01-01 00:00:00,null,null,willard.bell@example.com,2011,101,101
141,141,marvin, middleName,murphy,1996-01-01,041-714-7611,2015-01-01 00:00:00,2015-01-01 00:00:00,null,null,marvin.murphy@example.com,2012,102,101
142,142,florence, middleName,watts,1996-01-01,041-442-7026,2015-01-01 00:00:00,2015-01-01 00:00:00,null,null,florence.watts@example.com,2013,103,101
143,143,alexander, middleName,griffin,1996-01-01,051-787-0638,2015-01-01 00:00:00,2015-01-01 00:00:00,null,null,alexander.griffin@example.com,2014,104,101
144,144,rebecca, middleName,jenkins,1996-01-01,031-078-3484,2015-01-01 00:00:00,2015-01-01 00:00:00,null,null,rebecca.jenkins@example.com,2011,105,101
145,145,lucy, middleName,horton,1996-01-01,031-755-1304,2015-01-01 00:00:00,2015-01-01 00:00:00,null,null,lucy.horton@example.com,2012,106,101
146,146,ethan, middleName,jensen,1996-01-01,031-694-4045,2015-01-01 00:00:00,2015-01-01 00:00:00,null,null,ethan.jensen@example.com,2013,107,101
147,147,hanna, middleName,coleman,1996-01-01,021-398-7884,2015-01-01 00:00:00,2015-01-01 00:00:00,null,null,hanna.coleman@example.com,2014,108,101
148,148,rose, middleName,marshall,1996-01-01,071-022-6012,2015-01-01 00:00:00,2015-01-01 00:00:00,null,null,rose.marshall@example.com,2011,109,101
149,149,eva, middleName,snyder,1996-01-01,061-819-0416,2015-01-01 00:00:00,2015-01-01 00:00:00,null,null,eva.snyder@example.com,2012,110,101
150,150,taylor, middleName,richards,1996-01-01,031-125-7309,2015-01-01 00:00:00,2015-01-01 00:00:00,null,null,taylor.richards@example.com,2013,101,101
151,151,cathy, middleName,lynch,1996-01-01,031-011-7198,2015-01-01 00:00:00,2015-01-01 00:00:00,null,null,cathy.lynch@example.com,2014,102,101
152,152,diana, middleName,robertson,1996-01-01,071-103-6804,2015-01-01 00:00:00,2015-01-01 00:00:00,null,null,diana.robertson@example.com,2011,103,101
153,153,tammy, middleName,hunter,1996-01-01,011-137-9466,2015-01-01 00:00:00,2015-01-01 00:00:00,null,null,tammy.hunter@example.com,2012,104,101
154,154,connor, middleName,henry,1996-01-01,071-648-7269,2015-01-01 00:00:00,2015-01-01 00:00:00,null,null,connor.henry@example.com,2013,105,101
155,155,fiona, middleName,watson,1996-01-01,021-380-3110,2015-01-01 00:00:00,2015-01-01 00:00:00,null,null,fiona.watson@example.com,2014,106,101
156,156,carter, middleName,scott,1996-01-01,021-038-1540,2015-01-01 00:00:00,2015-01-01 00:00:00,null,null,carter.scott@example.com,2011,107,101
157,157,cathy, middleName,jennings,1996-01-01,031-756-6254,2015-01-01 00:00:00,2015-01-01 00:00:00,null,null,cathy.jennings@example.com,2012,108,101
158,158,mia, middleName,omahony,1996-01-01,021-115-8378,2015-01-01 00:00:00,2015-01-01 00:00:00,null,null,mia.omahony@example.com,2013,109,101
159,159,ronald, middleName,odonoghue,1996-01-01,061-222-1248,2015-01-01 00:00:00,2015-01-01 00:00:00,null,null,ronald.odonoghue@example.com,2014,110,101
160,160,joseph, middleName,reid,1996-01-01,011-299-4709,2015-01-01 00:00:00,2015-01-01 00:00:00,null,null,joseph.reid@example.com,2011,101,101
161,161,harvey, middleName,wells,1996-01-01,071-873-6462,2015-01-01 00:00:00,2015-01-01 00:00:00,null,null,harvey.wells@example.com,2012,102,101
162,162,sergio, middleName,welch,1996-01-01,071-399-5726,2015-01-01 00:00:00,2015-01-01 00:00:00,null,null,sergio.welch@example.com,2013,103,101
163,163,richard, middleName,richards,1996-01-01,071-396-3320,2015-01-01 00:00:00,2015-01-01 00:00:00,null,null,richard.richards@example.com,2014,104,101
164,164,suzy, middleName,carter,1996-01-01,031-542-1834,2015-01-01 00:00:00,2015-01-01 00:00:00,null,null,suzy.carter@example.com,2011,105,101
165,165,jessie, middleName,parker,1996-01-01,031-060-2611,2015-01-01 00:00:00,2015-01-01 00:00:00,null,null,jessie.parker@example.com,2012,106,101
166,166,samantha, middleName,matthews,1996-01-01,011-754-2967,2015-01-01 00:00:00,2015-01-01 00:00:00,null,null,samantha.matthews@example.com,2013,107,101
167,167,peter, middleName,jackson,1996-01-01,011-098-3301,2015-01-01 00:00:00,2015-01-01 00:00:00,null,null,peter.jackson@example.com,2014,108,101
168,168,earl, middleName,richards,1996-01-01,011-019-4565,2015-01-01 00:00:00,2015-01-01 00:00:00,null,null,earl.richards@example.com,2011,109,101
169,169,megan, middleName,day,1996-01-01,071-529-0444,2015-01-01 00:00:00,2015-01-01 00:00:00,null,null,megan.day@example.com,2012,110,101
170,170,jessica, middleName,martin,1996-01-01,011-635-3006,2015-01-01 00:00:00,2015-01-01 00:00:00,null,null,jessica.martin@example.com,2013,101,101
171,171,cody, middleName,miller,1996-01-01,061-009-9323,2015-01-01 00:00:00,2015-01-01 00:00:00,null,null,cody.miller@example.com,2014,102,101
172,172,patrick, middleName,miller,1996-01-01,011-777-6626,2015-01-01 00:00:00,2015-01-01 00:00:00,null,null,patrick.miller@example.com,2011,103,101
173,173,victoria, middleName,brooks,1996-01-01,051-257-2109,2015-01-01 00:00:00,2015-01-01 00:00:00,null,null,victoria.brooks@example.com,2012,104,101
174,174,lisa, middleName,bailey,1996-01-01,071-356-3098,2015-01-01 00:00:00,2015-01-01 00:00:00,null,null,lisa.bailey@example.com,2013,105,101
175,175,chloe, middleName,shaw,1996-01-01,051-347-3199,2015-01-01 00:00:00,2015-01-01 00:00:00,null,null,chloe.shaw@example.com,2014,106,101
176,176,carolyn, middleName,davies,1996-01-01,021-723-6977,2015-01-01 00:00:00,2015-01-01 00:00:00,null,null,carolyn.davies@example.com,2011,107,101
177,177,travis, middleName,russell,1996-01-01,071-732-4191,2015-01-01 00:00:00,2015-01-01 00:00:00,null,null,travis.russell@example.com,2012,108,101
178,178,danny, middleName,miller,1996-01-01,041-316-0916,2015-01-01 00:00:00,2015-01-01 00:00:00,null,null,danny.miller@example.com,2013,109,101
179,179,guy, middleName,mckinney,1996-01-01,051-145-1487,2015-01-01 00:00:00,2015-01-01 00:00:00,null,null,guy.mckinney@example.com,2014,110,101
180,180,anna, middleName,williams,1996-01-01,061-916-7701,2015-01-01 00:00:00,2015-01-01 00:00:00,null,null,anna.williams@example.com,2011,101,101
181,181,kelly, middleName,hudson,1996-01-01,071-218-6379,2015-01-01 00:00:00,2015-01-01 00:00:00,null,null,kelly.hudson@example.com,2012,102,101
182,182,judy, middleName,oliver,1996-01-01,041-783-2012,2015-01-01 00:00:00,2015-01-01 00:00:00,null,null,judy.oliver@example.com,2013,103,101
183,183,sofia, middleName,ellis,1996-01-01,051-205-1521,2015-01-01 00:00:00,2015-01-01 00:00:00,null,null,sofia.ellis@example.com,2014,104,101
184,184,olivia, middleName,fletcher,1996-01-01,041-557-2544,2015-01-01 00:00:00,2015-01-01 00:00:00,null,null,olivia.fletcher@example.com,2011,105,101
185,185,sammy, middleName,freeman,1996-01-01,061-407-5748,2015-01-01 00:00:00,2015-01-01 00:00:00,null,null,sammy.freeman@example.com,2012,106,101
186,186,victoria, middleName,baker,1996-01-01,011-760-4491,2015-01-01 00:00:00,2015-01-01 00:00:00,null,null,victoria.baker@example.com,2013,107,101
187,187,bradley, middleName,smythe,1996-01-01,011-391-6397,2015-01-01 00:00:00,2015-01-01 00:00:00,null,null,bradley.smythe@example.com,2014,108,101
188,188,victoria, middleName,bennett,1996-01-01,051-432-1777,2015-01-01 00:00:00,2015-01-01 00:00:00,null,null,victoria.bennett@example.com,2011,109,101
189,189,laura, middleName,cole,1996-01-01,021-035-9869,2015-01-01 00:00:00,2015-01-01 00:00:00,null,null,laura.cole@example.com,2012,110,101
190,190,debbie, middleName,morgan,1996-01-01,061-795-1620,2015-01-01 00:00:00,2015-01-01 00:00:00,null,null,debbie.morgan@example.com,2013,101,101
191,191,susanne, middleName,brady,1996-01-01,071-207-7431,2015-01-01 00:00:00,2015-01-01 00:00:00,null,null,susanne.brady@example.com,2014,102,101
192,192,lillian, middleName,andrews,1996-01-01,031-008-7558,2015-01-01 00:00:00,2015-01-01 00:00:00,null,null,lillian.andrews@example.com,2011,103,101
193,193,patricia, middleName,horton,1996-01-01,041-991-1644,2015-01-01 00:00:00,2015-01-01 00:00:00,null,null,patricia.horton@example.com,2012,104,101
194,194,emma, middleName,jones,1996-01-01,011-399-1634,2015-01-01 00:00:00,2015-01-01 00:00:00,null,null,emma.jones@example.com,2013,105,101
195,195,florence, middleName,hayes,1996-01-01,041-207-4260,2015-01-01 00:00:00,2015-01-01 00:00:00,null,null,florence.hayes@example.com,2014,106,101
196,196,rebecca, middleName,miles,1996-01-01,061-728-3052,2015-01-01 00:00:00,2015-01-01 00:00:00,null,null,rebecca.miles@example.com,2011,107,101
197,197,lola, middleName,arnold,1996-01-01,051-471-1600,2015-01-01 00:00:00,2015-01-01 00:00:00,null,null,lola.arnold@example.com,2012,108,101
198,198,lola, middleName,hawkins,1996-01-01,041-286-8561,2015-01-01 00:00:00,2015-01-01 00:00:00,null,null,lola.hawkins@example.com,2013,109,101
199,199,lillian, middleName,snyder,1996-01-01,061-626-1583,2015-01-01 00:00:00,2015-01-01 00:00:00,null,null,lillian.snyder@example.com,2014,110,101