account_id,login,password,role,create_time,change_time
99,admin,$2a$10$CIAIGeYIATEkiilT.twG2.Cf3AVCTsxaIgt0rMJY60JXr0pAzWzTq,ADMIN,01/06/2015,24/06/2015
100,login100,$2a$10$CIAIGeYIATEkiilT.twG2.Cf3AVCTsxaIgt0rMJY60JXr0pAzWzTq,STUDENT,10/06/2015,15/06/2015
101,login101,$2a$10$CIAIGeYIATEkiilT.twG2.Cf3AVCTsxaIgt0rMJY60JXr0pAzWzTq,STUDENT,09/06/2015,18/06/2015
102,login102,$2a$10$CIAIGeYIATEkiilT.twG2.Cf3AVCTsxaIgt0rMJY60JXr0pAzWzTq,TEACHER,09/06/2015,23/06/2015
103,login103,$2a$10$CIAIGeYIATEkiilT.twG2.Cf3AVCTsxaIgt0rMJY60JXr0pAzWzTq,TEACHER,10/06/2015,22/06/2015
104,login104,$2a$10$CIAIGeYIATEkiilT.twG2.Cf3AVCTsxaIgt0rMJY60JXr0pAzWzTq,STUDENT,12/06/2015,23/06/2015
105,login105,$2a$10$CIAIGeYIATEkiilT.twG2.Cf3AVCTsxaIgt0rMJY60JXr0pAzWzTq,TEACHER,11/06/2015,23/06/2015
106,login106,$2a$10$CIAIGeYIATEkiilT.twG2.Cf3AVCTsxaIgt0rMJY60JXr0pAzWzTq,TEACHER,09/06/2015,22/06/2015
107,login107,$2a$10$CIAIGeYIATEkiilT.twG2.Cf3AVCTsxaIgt0rMJY60JXr0pAzWzTq,TEACHER,11/06/2015,22/06/2015
108,login108,$2a$10$CIAIGeYIATEkiilT.twG2.Cf3AVCTsxaIgt0rMJY60JXr0pAzWzTq,STUDENT,12/06/2015,20/06/2015
109,login109,$2a$10$CIAIGeYIATEkiilT.twG2.Cf3AVCTsxaIgt0rMJY60JXr0pAzWzTq,TEACHER,12/06/2015,23/06/2015
110,login110,$2a$10$CIAIGeYIATEkiilT.twG2.Cf3AVCTsxaIgt0rMJY60JXr0pAzWzTq,TEACHER,12/06/2015,20/06/2015
111,login111,$2a$10$CIAIGeYIATEkiilT.twG2.Cf3AVCTsxaIgt0rMJY60JXr0pAzWzTq,TEACHER,12/06/2015,17/06/2015
112,login112,$2a$10$CIAIGeYIATEkiilT.twG2.Cf3AVCTsxaIgt0rMJY60JXr0pAzWzTq,TEACHER,10/06/2015,19/06/2015
113,login113,$2a$10$CIAIGeYIATEkiilT.twG2.Cf3AVCTsxaIgt0rMJY60JXr0pAzWzTq,TEACHER,12/06/2015,22/06/2015
114,login114,$2a$10$CIAIGeYIATEkiilT.twG2.Cf3AVCTsxaIgt0rMJY60JXr0pAzWzTq,STUDENT,10/06/2015,15/06/2015
115,login115,$2a$10$CIAIGeYIATEkiilT.twG2.Cf3AVCTsxaIgt0rMJY60JXr0pAzWzTq,STUDENT,09/06/2015,19/06/2015
116,login116,$2a$10$CIAIGeYIATEkiilT.twG2.Cf3AVCTsxaIgt0rMJY60JXr0pAzWzTq,TEACHER,11/06/2015,22/06/2015
117,login117,$2a$10$CIAIGeYIATEkiilT.twG2.Cf3AVCTsxaIgt0rMJY60JXr0pAzWzTq,TEACHER,11/06/2015,14/06/2015
118,login118,$2a$10$CIAIGeYIATEkiilT.twG2.Cf3AVCTsxaIgt0rMJY60JXr0pAzWzTq,STUDENT,11/06/2015,17/06/2015
119,login119,$2a$10$CIAIGeYIATEkiilT.twG2.Cf3AVCTsxaIgt0rMJY60JXr0pAzWzTq,STUDENT,11/06/2015,17/06/2015
120,login120,$2a$10$CIAIGeYIATEkiilT.twG2.Cf3AVCTsxaIgt0rMJY60JXr0pAzWzTq,STUDENT,10/06/2015,17/06/2015
121,login121,$2a$10$CIAIGeYIATEkiilT.twG2.Cf3AVCTsxaIgt0rMJY60JXr0pAzWzTq,STUDENT,12/06/2015,15/06/2015
122,login122,$2a$10$CIAIGeYIATEkiilT.twG2.Cf3AVCTsxaIgt0rMJY60JXr0pAzWzTq,STUDENT,09/06/2015,21/06/2015
123,login123,$2a$10$CIAIGeYIATEkiilT.twG2.Cf3AVCTsxaIgt0rMJY60JXr0pAzWzTq,TEACHER,09/06/2015,16/06/2015
124,login124,$2a$10$CIAIGeYIATEkiilT.twG2.Cf3AVCTsxaIgt0rMJY60JXr0pAzWzTq,TEACHER,09/06/2015,16/06/2015
125,login125,$2a$10$CIAIGeYIATEkiilT.twG2.Cf3AVCTsxaIgt0rMJY60JXr0pAzWzTq,TEACHER,10/06/2015,21/06/2015
126,login126,$2a$10$CIAIGeYIATEkiilT.twG2.Cf3AVCTsxaIgt0rMJY60JXr0pAzWzTq,STUDENT,11/06/2015,23/06/2015
127,login127,$2a$10$CIAIGeYIATEkiilT.twG2.Cf3AVCTsxaIgt0rMJY60JXr0pAzWzTq,TEACHER,10/06/2015,20/06/2015
128,login128,$2a$10$CIAIGeYIATEkiilT.twG2.Cf3AVCTsxaIgt0rMJY60JXr0pAzWzTq,TEACHER,11/06/2015,23/06/2015
129,login129,$2a$10$CIAIGeYIATEkiilT.twG2.Cf3AVCTsxaIgt0rMJY60JXr0pAzWzTq,TEACHER,10/06/2015,21/06/2015
130,login130,$2a$10$CIAIGeYIATEkiilT.twG2.Cf3AVCTsxaIgt0rMJY60JXr0pAzWzTq,STUDENT,10/06/2015,16/06/2015
131,login131,$2a$10$CIAIGeYIATEkiilT.twG2.Cf3AVCTsxaIgt0rMJY60JXr0pAzWzTq,STUDENT,12/06/2015,15/06/2015
132,login132,$2a$10$CIAIGeYIATEkiilT.twG2.Cf3AVCTsxaIgt0rMJY60JXr0pAzWzTq,STUDENT,09/06/2015,14/06/2015
133,login133,$2a$10$CIAIGeYIATEkiilT.twG2.Cf3AVCTsxaIgt0rMJY60JXr0pAzWzTq,STUDENT,11/06/2015,15/06/2015
134,login134,$2a$10$CIAIGeYIATEkiilT.twG2.Cf3AVCTsxaIgt0rMJY60JXr0pAzWzTq,STUDENT,11/06/2015,16/06/2015
135,login135,$2a$10$CIAIGeYIATEkiilT.twG2.Cf3AVCTsxaIgt0rMJY60JXr0pAzWzTq,TEACHER,09/06/2015,19/06/2015
136,login136,$2a$10$CIAIGeYIATEkiilT.twG2.Cf3AVCTsxaIgt0rMJY60JXr0pAzWzTq,TEACHER,09/06/2015,17/06/2015
137,login137,$2a$10$CIAIGeYIATEkiilT.twG2.Cf3AVCTsxaIgt0rMJY60JXr0pAzWzTq,TEACHER,11/06/2015,17/06/2015
138,login138,$2a$10$CIAIGeYIATEkiilT.twG2.Cf3AVCTsxaIgt0rMJY60JXr0pAzWzTq,TEACHER,09/06/2015,15/06/2015
139,login139,$2a$10$CIAIGeYIATEkiilT.twG2.Cf3AVCTsxaIgt0rMJY60JXr0pAzWzTq,TEACHER,09/06/2015,22/06/2015
140,login140,$2a$10$CIAIGeYIATEkiilT.twG2.Cf3AVCTsxaIgt0rMJY60JXr0pAzWzTq,STUDENT,12/06/2015,22/06/2015
141,login141,$2a$10$CIAIGeYIATEkiilT.twG2.Cf3AVCTsxaIgt0rMJY60JXr0pAzWzTq,TEACHER,12/06/2015,16/06/2015
142,login142,$2a$10$CIAIGeYIATEkiilT.twG2.Cf3AVCTsxaIgt0rMJY60JXr0pAzWzTq,TEACHER,09/06/2015,21/06/2015
143,login143,$2a$10$CIAIGeYIATEkiilT.twG2.Cf3AVCTsxaIgt0rMJY60JXr0pAzWzTq,STUDENT,10/06/2015,19/06/2015
144,login144,$2a$10$CIAIGeYIATEkiilT.twG2.Cf3AVCTsxaIgt0rMJY60JXr0pAzWzTq,STUDENT,11/06/2015,16/06/2015
145,login145,$2a$10$CIAIGeYIATEkiilT.twG2.Cf3AVCTsxaIgt0rMJY60JXr0pAzWzTq,TEACHER,12/06/2015,17/06/2015
146,login146,$2a$10$CIAIGeYIATEkiilT.twG2.Cf3AVCTsxaIgt0rMJY60JXr0pAzWzTq,TEACHER,11/06/2015,14/06/2015
147,login147,$2a$10$CIAIGeYIATEkiilT.twG2.Cf3AVCTsxaIgt0rMJY60JXr0pAzWzTq,STUDENT,12/06/2015,22/06/2015
148,login148,$2a$10$CIAIGeYIATEkiilT.twG2.Cf3AVCTsxaIgt0rMJY60JXr0pAzWzTq,STUDENT,09/06/2015,22/06/2015
149,login149,$2a$10$CIAIGeYIATEkiilT.twG2.Cf3AVCTsxaIgt0rMJY60JXr0pAzWzTq,TEACHER,09/06/2015,20/06/2015
150,login150,$2a$10$CIAIGeYIATEkiilT.twG2.Cf3AVCTsxaIgt0rMJY60JXr0pAzWzTq,STUDENT,11/06/2015,16/06/2015
151,login151,$2a$10$CIAIGeYIATEkiilT.twG2.Cf3AVCTsxaIgt0rMJY60JXr0pAzWzTq,STUDENT,11/06/2015,16/06/2015
152,login152,$2a$10$CIAIGeYIATEkiilT.twG2.Cf3AVCTsxaIgt0rMJY60JXr0pAzWzTq,TEACHER,11/06/2015,19/06/2015
153,login153,$2a$10$CIAIGeYIATEkiilT.twG2.Cf3AVCTsxaIgt0rMJY60JXr0pAzWzTq,STUDENT,10/06/2015,22/06/2015
154,login154,$2a$10$CIAIGeYIATEkiilT.twG2.Cf3AVCTsxaIgt0rMJY60JXr0pAzWzTq,TEACHER,11/06/2015,22/06/2015
155,login155,$2a$10$CIAIGeYIATEkiilT.twG2.Cf3AVCTsxaIgt0rMJY60JXr0pAzWzTq,TEACHER,10/06/2015,20/06/2015
156,login156,$2a$10$CIAIGeYIATEkiilT.twG2.Cf3AVCTsxaIgt0rMJY60JXr0pAzWzTq,TEACHER,10/06/2015,20/06/2015
157,login157,$2a$10$CIAIGeYIATEkiilT.twG2.Cf3AVCTsxaIgt0rMJY60JXr0pAzWzTq,STUDENT,11/06/2015,14/06/2015
158,login158,$2a$10$CIAIGeYIATEkiilT.twG2.Cf3AVCTsxaIgt0rMJY60JXr0pAzWzTq,STUDENT,12/06/2015,14/06/2015
159,login159,$2a$10$CIAIGeYIATEkiilT.twG2.Cf3AVCTsxaIgt0rMJY60JXr0pAzWzTq,STUDENT,09/06/2015,16/06/2015
160,login160,$2a$10$CIAIGeYIATEkiilT.twG2.Cf3AVCTsxaIgt0rMJY60JXr0pAzWzTq,TEACHER,11/06/2015,15/06/2015
161,login161,$2a$10$CIAIGeYIATEkiilT.twG2.Cf3AVCTsxaIgt0rMJY60JXr0pAzWzTq,TEACHER,11/06/2015,23/06/2015
162,login162,$2a$10$CIAIGeYIATEkiilT.twG2.Cf3AVCTsxaIgt0rMJY60JXr0pAzWzTq,STUDENT,10/06/2015,14/06/2015
163,login163,$2a$10$CIAIGeYIATEkiilT.twG2.Cf3AVCTsxaIgt0rMJY60JXr0pAzWzTq,STUDENT,10/06/2015,23/06/2015
164,login164,$2a$10$CIAIGeYIATEkiilT.twG2.Cf3AVCTsxaIgt0rMJY60JXr0pAzWzTq,STUDENT,12/06/2015,15/06/2015
165,login165,$2a$10$CIAIGeYIATEkiilT.twG2.Cf3AVCTsxaIgt0rMJY60JXr0pAzWzTq,STUDENT,10/06/2015,17/06/2015
166,login166,$2a$10$CIAIGeYIATEkiilT.twG2.Cf3AVCTsxaIgt0rMJY60JXr0pAzWzTq,TEACHER,12/06/2015,14/06/2015
167,login167,$2a$10$CIAIGeYIATEkiilT.twG2.Cf3AVCTsxaIgt0rMJY60JXr0pAzWzTq,TEACHER,09/06/2015,19/06/2015
168,login168,$2a$10$CIAIGeYIATEkiilT.twG2.Cf3AVCTsxaIgt0rMJY60JXr0pAzWzTq,TEACHER,10/06/2015,15/06/2015
169,login169,$2a$10$CIAIGeYIATEkiilT.twG2.Cf3AVCTsxaIgt0rMJY60JXr0pAzWzTq,STUDENT,10/06/2015,20/06/2015
170,login170,$2a$10$CIAIGeYIATEkiilT.twG2.Cf3AVCTsxaIgt0rMJY60JXr0pAzWzTq,STUDENT,12/06/2015,15/06/2015
171,login171,$2a$10$CIAIGeYIATEkiilT.twG2.Cf3AVCTsxaIgt0rMJY60JXr0pAzWzTq,TEACHER,10/06/2015,19/06/2015
172,login172,$2a$10$CIAIGeYIATEkiilT.twG2.Cf3AVCTsxaIgt0rMJY60JXr0pAzWzTq,STUDENT,12/06/2015,17/06/2015
173,login173,$2a$10$CIAIGeYIATEkiilT.twG2.Cf3AVCTsxaIgt0rMJY60JXr0pAzWzTq,TEACHER,09/06/2015,16/06/2015
174,login174,$2a$10$CIAIGeYIATEkiilT.twG2.Cf3AVCTsxaIgt0rMJY60JXr0pAzWzTq,TEACHER,12/06/2015,15/06/2015
175,login175,$2a$10$CIAIGeYIATEkiilT.twG2.Cf3AVCTsxaIgt0rMJY60JXr0pAzWzTq,STUDENT,09/06/2015,18/06/2015
176,login176,$2a$10$CIAIGeYIATEkiilT.twG2.Cf3AVCTsxaIgt0rMJY60JXr0pAzWzTq,TEACHER,09/06/2015,23/06/2015
177,login177,$2a$10$CIAIGeYIATEkiilT.twG2.Cf3AVCTsxaIgt0rMJY60JXr0pAzWzTq,STUDENT,12/06/2015,16/06/2015
178,login178,$2a$10$CIAIGeYIATEkiilT.twG2.Cf3AVCTsxaIgt0rMJY60JXr0pAzWzTq,STUDENT,10/06/2015,15/06/2015
179,login179,$2a$10$CIAIGeYIATEkiilT.twG2.Cf3AVCTsxaIgt0rMJY60JXr0pAzWzTq,STUDENT,10/06/2015,17/06/2015
180,login180,$2a$10$CIAIGeYIATEkiilT.twG2.Cf3AVCTsxaIgt0rMJY60JXr0pAzWzTq,STUDENT,12/06/2015,19/06/2015
181,login181,$2a$10$CIAIGeYIATEkiilT.twG2.Cf3AVCTsxaIgt0rMJY60JXr0pAzWzTq,STUDENT,11/06/2015,18/06/2015
182,login182,$2a$10$CIAIGeYIATEkiilT.twG2.Cf3AVCTsxaIgt0rMJY60JXr0pAzWzTq,STUDENT,12/06/2015,18/06/2015
183,login183,$2a$10$CIAIGeYIATEkiilT.twG2.Cf3AVCTsxaIgt0rMJY60JXr0pAzWzTq,TEACHER,10/06/2015,19/06/2015
184,login184,$2a$10$CIAIGeYIATEkiilT.twG2.Cf3AVCTsxaIgt0rMJY60JXr0pAzWzTq,TEACHER,11/06/2015,21/06/2015
185,login185,$2a$10$CIAIGeYIATEkiilT.twG2.Cf3AVCTsxaIgt0rMJY60JXr0pAzWzTq,STUDENT,09/06/2015,22/06/2015
186,login186,$2a$10$CIAIGeYIATEkiilT.twG2.Cf3AVCTsxaIgt0rMJY60JXr0pAzWzTq,STUDENT,11/06/2015,17/06/2015
187,login187,$2a$10$CIAIGeYIATEkiilT.twG2.Cf3AVCTsxaIgt0rMJY60JXr0pAzWzTq,TEACHER,09/06/2015,16/06/2015
188,login188,$2a$10$CIAIGeYIATEkiilT.twG2.Cf3AVCTsxaIgt0rMJY60JXr0pAzWzTq,TEACHER,09/06/2015,16/06/2015
189,login189,$2a$10$CIAIGeYIATEkiilT.twG2.Cf3AVCTsxaIgt0rMJY60JXr0pAzWzTq,TEACHER,10/06/2015,20/06/2015
190,login190,$2a$10$CIAIGeYIATEkiilT.twG2.Cf3AVCTsxaIgt0rMJY60JXr0pAzWzTq,TEACHER,09/06/2015,17/06/2015
191,login191,$2a$10$CIAIGeYIATEkiilT.twG2.Cf3AVCTsxaIgt0rMJY60JXr0pAzWzTq,TEACHER,11/06/2015,20/06/2015
192,login192,$2a$10$CIAIGeYIATEkiilT.twG2.Cf3AVCTsxaIgt0rMJY60JXr0pAzWzTq,TEACHER,12/06/2015,15/06/2015
193,login193,$2a$10$CIAIGeYIATEkiilT.twG2.Cf3AVCTsxaIgt0rMJY60JXr0pAzWzTq,TEACHER,11/06/2015,16/06/2015
194,login194,$2a$10$CIAIGeYIATEkiilT.twG2.Cf3AVCTsxaIgt0rMJY60JXr0pAzWzTq,TEACHER,09/06/2015,21/06/2015
195,login195,$2a$10$CIAIGeYIATEkiilT.twG2.Cf3AVCTsxaIgt0rMJY60JXr0pAzWzTq,STUDENT,11/06/2015,19/06/2015
196,login196,$2a$10$CIAIGeYIATEkiilT.twG2.Cf3AVCTsxaIgt0rMJY60JXr0pAzWzTq,STUDENT,12/06/2015,19/06/2015
197,login197,$2a$10$CIAIGeYIATEkiilT.twG2.Cf3AVCTsxaIgt0rMJY60JXr0pAzWzTq,STUDENT,10/06/2015,15/06/2015
198,login198,$2a$10$CIAIGeYIATEkiilT.twG2.Cf3AVCTsxaIgt0rMJY60JXr0pAzWzTq,TEACHER,11/06/2015,22/06/2015
199,login199,$2a$10$CIAIGeYIATEkiilT.twG2.Cf3AVCTsxaIgt0rMJY60JXr0pAzWzTq,TEACHER,09/06/2015,14/06/2015
